Event,ExecTime(ms),VectorSize,WorkGroupSize
Total Exec Time,2.2588,1024
Memory Setup Time,2.17481,1024
Kernel Exec Time,0.007167,1024
Total Exec Time,2.39988,1024
Memory Setup Time,2.32449,1024
Kernel Exec Time,0.007168,1024
Total Exec Time,2.17164,1024
Memory Setup Time,2.09684,1024
Kernel Exec Time,0.008192,1024
Total Exec Time,3.38643,1024
Memory Setup Time,3.29125,1024
Kernel Exec Time,0.007169,1024
Total Exec Time,2.86977,1024
Memory Setup Time,2.79564,1024
Kernel Exec Time,0.006143,1024
Total Exec Time,2.51183,1024
Memory Setup Time,2.43895,1024
Kernel Exec Time,0.00512,1024
Total Exec Time,3.06665,1024
Memory Setup Time,2.98482,1024
Kernel Exec Time,0.006144,1024
Total Exec Time,2.47789,1024
Memory Setup Time,2.40233,1024
Kernel Exec Time,0.007168,1024
Total Exec Time,2.71748,1024
Memory Setup Time,2.63137,1024
Kernel Exec Time,0.006144,1024
Total Exec Time,3.70681,1024
Memory Setup Time,3.6294,1024
Kernel Exec Time,0.007168,1024
Total Exec Time,2.75918,1024
Memory Setup Time,2.67964,1024
Kernel Exec Time,0.008192,1024
Total Exec Time,2.73979,1024
Memory Setup Time,2.66253,1024
Kernel Exec Time,0.006144,1024
Total Exec Time,2.01654,1024
Memory Setup Time,1.94205,1024
Kernel Exec Time,0.006143,1024
Total Exec Time,2.21772,1024
Memory Setup Time,2.14274,1024
Kernel Exec Time,0.008191,1024
Total Exec Time,2.71592,1024
Memory Setup Time,2.63753,1024
Kernel Exec Time,0.006143,1024
Total Exec Time,2.52544,1024
Memory Setup Time,2.44995,1024
Kernel Exec Time,0.006144,1024
Total Exec Time,2.40598,1024
Memory Setup Time,2.33341,1024
Kernel Exec Time,0.006144,1024
Total Exec Time,2.08305,1024
Memory Setup Time,2.00714,1024
Kernel Exec Time,0.00512,1024
Total Exec Time,2.39958,1024
Memory Setup Time,2.31766,1024
Kernel Exec Time,0.007167,1024
Total Exec Time,2.13157,1024
Memory Setup Time,2.05734,1024
Kernel Exec Time,0.00512,1024
Total Exec Time,2.22557,1024
Memory Setup Time,2.14706,1024
Kernel Exec Time,0.008193,1024
Total Exec Time,2.26832,1024
Memory Setup Time,2.19516,1024
Kernel Exec Time,0.006143,1024
Total Exec Time,2.15882,1024
Memory Setup Time,2.08545,1024
Kernel Exec Time,0.00512,1024
Total Exec Time,2.56779,1024
Memory Setup Time,2.49198,1024
Kernel Exec Time,0.006144,1024
Total Exec Time,2.05201,1024
Memory Setup Time,1.97538,1024
Kernel Exec Time,0.005119,1024
Total Exec Time,2.27941,1024
Memory Setup Time,2.20094,1024
Kernel Exec Time,0.006143,1024
Total Exec Time,3.10096,1024
Memory Setup Time,3.02418,1024
Kernel Exec Time,0.007168,1024
Total Exec Time,3.2021,1024
Memory Setup Time,3.09877,1024
Kernel Exec Time,0.008193,1024
Total Exec Time,2.92903,1024
Memory Setup Time,2.8531,1024
Kernel Exec Time,0.006145,1024
Total Exec Time,3.10834,1024
Memory Setup Time,3.02937,1024
Kernel Exec Time,0.006143,1024
Total Exec Time,3.02236,2048
Memory Setup Time,2.94174,2048
Kernel Exec Time,0.006144,2048
Total Exec Time,2.14066,2048
Memory Setup Time,2.06143,2048
Kernel Exec Time,0.007167,2048
Total Exec Time,3.62059,2048
Memory Setup Time,3.52887,2048
Kernel Exec Time,0.017407,2048
Total Exec Time,2.13824,2048
Memory Setup Time,2.05766,2048
Kernel Exec Time,0.006144,2048
Total Exec Time,2.65956,2048
Memory Setup Time,2.57717,2048
Kernel Exec Time,0.006144,2048
Total Exec Time,2.29844,2048
Memory Setup Time,2.21986,2048
Kernel Exec Time,0.006144,2048
Total Exec Time,2.58836,2048
Memory Setup Time,2.50889,2048
Kernel Exec Time,0.008192,2048
Total Exec Time,2.42278,2048
Memory Setup Time,2.34213,2048
Kernel Exec Time,0.007168,2048
Total Exec Time,2.54008,2048
Memory Setup Time,2.46224,2048
Kernel Exec Time,0.006145,2048
Total Exec Time,2.20044,2048
Memory Setup Time,2.12325,2048
Kernel Exec Time,0.006145,2048
Total Exec Time,2.11522,2048
Memory Setup Time,2.04219,2048
Kernel Exec Time,0.006144,2048
Total Exec Time,2.68614,2048
Memory Setup Time,2.606,2048
Kernel Exec Time,0.007168,2048
Total Exec Time,2.26759,2048
Memory Setup Time,2.18965,2048
Kernel Exec Time,0.006144,2048
Total Exec Time,2.32413,2048
Memory Setup Time,2.24185,2048
Kernel Exec Time,0.006145,2048
Total Exec Time,2.43785,2048
Memory Setup Time,2.35939,2048
Kernel Exec Time,0.006144,2048
Total Exec Time,2.29319,2048
Memory Setup Time,2.2188,2048
Kernel Exec Time,0.00512,2048
Total Exec Time,2.7222,2048
Memory Setup Time,2.63351,2048
Kernel Exec Time,0.008192,2048
Total Exec Time,3.95712,2048
Memory Setup Time,3.88296,2048
Kernel Exec Time,0.006144,2048
Total Exec Time,2.79249,2048
Memory Setup Time,2.71389,2048
Kernel Exec Time,0.006144,2048
Total Exec Time,3.36693,2048
Memory Setup Time,3.29162,2048
Kernel Exec Time,0.006145,2048
Total Exec Time,2.23297,2048
Memory Setup Time,2.16078,2048
Kernel Exec Time,0.006144,2048
Total Exec Time,3.66511,2048
Memory Setup Time,3.58597,2048
Kernel Exec Time,0.007169,2048
Total Exec Time,3.32977,2048
Memory Setup Time,3.25704,2048
Kernel Exec Time,0.006144,2048
Total Exec Time,2.52482,2048
Memory Setup Time,2.44739,2048
Kernel Exec Time,0.006144,2048
Total Exec Time,3.1295,2048
Memory Setup Time,3.04892,2048
Kernel Exec Time,0.008192,2048
Total Exec Time,2.61833,2048
Memory Setup Time,2.5393,2048
Kernel Exec Time,0.007168,2048
Total Exec Time,2.49316,2048
Memory Setup Time,2.41431,2048
Kernel Exec Time,0.007168,2048
Total Exec Time,2.66194,2048
Memory Setup Time,2.58624,2048
Kernel Exec Time,0.007168,2048
Total Exec Time,2.23358,2048
Memory Setup Time,2.15427,2048
Kernel Exec Time,0.008193,2048
Total Exec Time,2.23494,2048
Memory Setup Time,2.15855,2048
Kernel Exec Time,0.007169,2048
Total Exec Time,2.44631,4096
Memory Setup Time,2.36623,4096
Kernel Exec Time,0.007167,4096
Total Exec Time,2.42002,4096
Memory Setup Time,2.33741,4096
Kernel Exec Time,0.006144,4096
Total Exec Time,2.025,4096
Memory Setup Time,1.95378,4096
Kernel Exec Time,0.006144,4096
Total Exec Time,2.17683,4096
Memory Setup Time,2.09476,4096
Kernel Exec Time,0.008192,4096
Total Exec Time,2.16581,4096
Memory Setup Time,2.08572,4096
Kernel Exec Time,0.008192,4096
Total Exec Time,2.15,4096
Memory Setup Time,2.07468,4096
Kernel Exec Time,0.006143,4096
Total Exec Time,2.0991,4096
Memory Setup Time,2.01946,4096
Kernel Exec Time,0.006144,4096
Total Exec Time,1.84746,4096
Memory Setup Time,1.76984,4096
Kernel Exec Time,0.007168,4096
Total Exec Time,3.19679,4096
Memory Setup Time,3.11889,4096
Kernel Exec Time,0.00512,4096
Total Exec Time,3.20529,4096
Memory Setup Time,3.12724,4096
Kernel Exec Time,0.006144,4096
Total Exec Time,2.97889,4096
Memory Setup Time,2.90229,4096
Kernel Exec Time,0.007169,4096
Total Exec Time,2.55352,4096
Memory Setup Time,2.47355,4096
Kernel Exec Time,0.007169,4096
Total Exec Time,2.9782,4096
Memory Setup Time,2.90614,4096
Kernel Exec Time,0.006144,4096
Total Exec Time,2.12689,4096
Memory Setup Time,2.05148,4096
Kernel Exec Time,0.007169,4096
Total Exec Time,3.31809,4096
Memory Setup Time,3.24126,4096
Kernel Exec Time,0.006143,4096
Total Exec Time,2.16243,4096
Memory Setup Time,2.08306,4096
Kernel Exec Time,0.007168,4096
Total Exec Time,2.21922,4096
Memory Setup Time,2.14125,4096
Kernel Exec Time,0.006144,4096
Total Exec Time,2.27079,4096
Memory Setup Time,2.19151,4096
Kernel Exec Time,0.006143,4096
Total Exec Time,2.38228,4096
Memory Setup Time,2.30424,4096
Kernel Exec Time,0.007167,4096
Total Exec Time,2.23818,4096
Memory Setup Time,2.15801,4096
Kernel Exec Time,0.007168,4096
Total Exec Time,2.5059,4096
Memory Setup Time,2.41808,4096
Kernel Exec Time,0.016385,4096
Total Exec Time,2.28733,4096
Memory Setup Time,2.20683,4096
Kernel Exec Time,0.006145,4096
Total Exec Time,2.37338,4096
Memory Setup Time,2.26906,4096
Kernel Exec Time,0.009216,4096
Total Exec Time,2.25836,4096
Memory Setup Time,2.18244,4096
Kernel Exec Time,0.006144,4096
Total Exec Time,2.47006,4096
Memory Setup Time,2.39435,4096
Kernel Exec Time,0.006144,4096
Total Exec Time,2.37199,4096
Memory Setup Time,2.29146,4096
Kernel Exec Time,0.007167,4096
Total Exec Time,2.00246,4096
Memory Setup Time,1.89616,4096
Kernel Exec Time,0.008192,4096
Total Exec Time,2.50986,4096
Memory Setup Time,2.42132,4096
Kernel Exec Time,0.008191,4096
Total Exec Time,2.63438,4096
Memory Setup Time,2.55183,4096
Kernel Exec Time,0.007169,4096
Total Exec Time,3.14388,4096
Memory Setup Time,3.06364,4096
Kernel Exec Time,0.008193,4096
Total Exec Time,3.18016,8192
Memory Setup Time,3.10032,8192
Kernel Exec Time,0.008192,8192
Total Exec Time,2.88977,8192
Memory Setup Time,2.81289,8192
Kernel Exec Time,0.006144,8192
Total Exec Time,2.74498,8192
Memory Setup Time,2.67253,8192
Kernel Exec Time,0.006144,8192
Total Exec Time,2.99643,8192
Memory Setup Time,2.92243,8192
Kernel Exec Time,0.006143,8192
Total Exec Time,3.66421,8192
Memory Setup Time,3.57726,8192
Kernel Exec Time,0.008192,8192
Total Exec Time,2.33385,8192
Memory Setup Time,2.24361,8192
Kernel Exec Time,0.008191,8192
Total Exec Time,3.02427,8192
Memory Setup Time,2.94073,8192
Kernel Exec Time,0.006145,8192
Total Exec Time,2.42499,8192
Memory Setup Time,2.34855,8192
Kernel Exec Time,0.008191,8192
Total Exec Time,2.35374,8192
Memory Setup Time,2.27391,8192
Kernel Exec Time,0.006143,8192
Total Exec Time,2.00819,8192
Memory Setup Time,1.9345,8192
Kernel Exec Time,0.006144,8192
Total Exec Time,2.26439,8192
Memory Setup Time,2.19064,8192
Kernel Exec Time,0.006144,8192
Total Exec Time,2.24073,8192
Memory Setup Time,2.16323,8192
Kernel Exec Time,0.007168,8192
Total Exec Time,2.10252,8192
Memory Setup Time,2.02778,8192
Kernel Exec Time,0.006144,8192
Total Exec Time,2.42143,8192
Memory Setup Time,2.3401,8192
Kernel Exec Time,0.008192,8192
Total Exec Time,2.32809,8192
Memory Setup Time,2.23056,8192
Kernel Exec Time,0.012288,8192
Total Exec Time,2.34901,8192
Memory Setup Time,2.27388,8192
Kernel Exec Time,0.007168,8192
Total Exec Time,2.39489,8192
Memory Setup Time,2.30973,8192
Kernel Exec Time,0.008191,8192
Total Exec Time,2.0004,8192
Memory Setup Time,1.92418,8192
Kernel Exec Time,0.006145,8192
Total Exec Time,2.61049,8192
Memory Setup Time,2.52904,8192
Kernel Exec Time,0.008193,8192
Total Exec Time,2.27187,8192
Memory Setup Time,2.1948,8192
Kernel Exec Time,0.008193,8192
Total Exec Time,2.08961,8192
Memory Setup Time,2.00819,8192
Kernel Exec Time,0.006144,8192
Total Exec Time,3.69074,8192
Memory Setup Time,3.59531,8192
Kernel Exec Time,0.012287,8192
Total Exec Time,2.9086,8192
Memory Setup Time,2.83145,8192
Kernel Exec Time,0.007168,8192
Total Exec Time,3.21645,8192
Memory Setup Time,3.13742,8192
Kernel Exec Time,0.007169,8192
Total Exec Time,3.62891,8192
Memory Setup Time,3.55285,8192
Kernel Exec Time,0.009216,8192
Total Exec Time,3.24555,8192
Memory Setup Time,3.1709,8192
Kernel Exec Time,0.006143,8192
Total Exec Time,3.094,8192
Memory Setup Time,3.02045,8192
Kernel Exec Time,0.007168,8192
Total Exec Time,2.76595,8192
Memory Setup Time,2.69277,8192
Kernel Exec Time,0.006144,8192
Total Exec Time,2.77164,8192
Memory Setup Time,2.69114,8192
Kernel Exec Time,0.007169,8192
Total Exec Time,2.82809,8192
Memory Setup Time,2.75118,8192
Kernel Exec Time,0.006144,8192
Total Exec Time,2.31144,16384
Memory Setup Time,2.23568,16384
Kernel Exec Time,0.006144,16384
Total Exec Time,2.30295,16384
Memory Setup Time,2.22668,16384
Kernel Exec Time,0.006144,16384
Total Exec Time,2.36867,16384
Memory Setup Time,2.28995,16384
Kernel Exec Time,0.007169,16384
Total Exec Time,2.68988,16384
Memory Setup Time,2.61201,16384
Kernel Exec Time,0.006144,16384
Total Exec Time,2.42328,16384
Memory Setup Time,2.3422,16384
Kernel Exec Time,0.006143,16384
Total Exec Time,2.27835,16384
Memory Setup Time,2.2022,16384
Kernel Exec Time,0.006144,16384
Total Exec Time,2.49464,16384
Memory Setup Time,2.41837,16384
Kernel Exec Time,0.006143,16384
Total Exec Time,2.16511,16384
Memory Setup Time,2.09193,16384
Kernel Exec Time,0.006145,16384
Total Exec Time,2.01533,16384
Memory Setup Time,1.94034,16384
Kernel Exec Time,0.006144,16384
Total Exec Time,2.52053,16384
Memory Setup Time,2.43754,16384
Kernel Exec Time,0.009216,16384
Total Exec Time,2.6978,16384
Memory Setup Time,2.60468,16384
Kernel Exec Time,0.012289,16384
Total Exec Time,2.2753,16384
Memory Setup Time,2.19948,16384
Kernel Exec Time,0.007168,16384
Total Exec Time,3.21507,16384
Memory Setup Time,3.14122,16384
Kernel Exec Time,0.006144,16384
Total Exec Time,3.33338,16384
Memory Setup Time,3.25506,16384
Kernel Exec Time,0.007167,16384
Total Exec Time,2.31696,16384
Memory Setup Time,2.24356,16384
Kernel Exec Time,0.006143,16384
Total Exec Time,3.48497,16384
Memory Setup Time,3.40432,16384
Kernel Exec Time,0.006144,16384
Total Exec Time,2.63145,16384
Memory Setup Time,2.53944,16384
Kernel Exec Time,0.01024,16384
Total Exec Time,3.00683,16384
Memory Setup Time,2.91041,16384
Kernel Exec Time,0.012289,16384
Total Exec Time,3.15428,16384
Memory Setup Time,3.07583,16384
Kernel Exec Time,0.006144,16384
Total Exec Time,3.48845,16384
Memory Setup Time,3.40757,16384
Kernel Exec Time,0.008191,16384
Total Exec Time,2.25748,16384
Memory Setup Time,2.17827,16384
Kernel Exec Time,0.008192,16384
Total Exec Time,2.5148,16384
Memory Setup Time,2.43586,16384
Kernel Exec Time,0.007168,16384
Total Exec Time,2.22055,16384
Memory Setup Time,2.14544,16384
Kernel Exec Time,0.006144,16384
Total Exec Time,2.3876,16384
Memory Setup Time,2.31208,16384
Kernel Exec Time,0.008192,16384
Total Exec Time,2.11808,16384
Memory Setup Time,2.03404,16384
Kernel Exec Time,0.008192,16384
Total Exec Time,2.49439,16384
Memory Setup Time,2.4144,16384
Kernel Exec Time,0.007168,16384
Total Exec Time,2.73535,16384
Memory Setup Time,2.65634,16384
Kernel Exec Time,0.006144,16384
Total Exec Time,2.31866,16384
Memory Setup Time,2.23217,16384
Kernel Exec Time,0.007167,16384
Total Exec Time,1.98761,16384
Memory Setup Time,1.91308,16384
Kernel Exec Time,0.006145,16384
Total Exec Time,2.05033,16384
Memory Setup Time,1.97577,16384
Kernel Exec Time,0.006144,16384
Total Exec Time,2.18478,32768
Memory Setup Time,2.10968,32768
Kernel Exec Time,0.006144,32768
Total Exec Time,2.06109,32768
Memory Setup Time,1.98746,32768
Kernel Exec Time,0.006144,32768
Total Exec Time,2.60445,32768
Memory Setup Time,2.52992,32768
Kernel Exec Time,0.006145,32768
Total Exec Time,2.50926,32768
Memory Setup Time,2.4286,32768
Kernel Exec Time,0.008191,32768
Total Exec Time,2.11923,32768
Memory Setup Time,2.03824,32768
Kernel Exec Time,0.008191,32768
Total Exec Time,3.29028,32768
Memory Setup Time,3.20873,32768
Kernel Exec Time,0.009216,32768
Total Exec Time,2.86603,32768
Memory Setup Time,2.79092,32768
Kernel Exec Time,0.006144,32768
Total Exec Time,3.13407,32768
Memory Setup Time,3.05416,32768
Kernel Exec Time,0.009216,32768
Total Exec Time,3.2887,32768
Memory Setup Time,3.21163,32768
Kernel Exec Time,0.005121,32768
Total Exec Time,3.56737,32768
Memory Setup Time,3.49103,32768
Kernel Exec Time,0.005119,32768
Total Exec Time,3.75618,32768
Memory Setup Time,3.67373,32768
Kernel Exec Time,0.008192,32768
Total Exec Time,3.10071,32768
Memory Setup Time,3.02515,32768
Kernel Exec Time,0.007167,32768
Total Exec Time,3.39492,32768
Memory Setup Time,3.2394,32768
Kernel Exec Time,0.013309,32768
Total Exec Time,2.37487,32768
Memory Setup Time,2.29212,32768
Kernel Exec Time,0.008193,32768
Total Exec Time,2.26015,32768
Memory Setup Time,2.15987,32768
Kernel Exec Time,0.007168,32768
Total Exec Time,2.41307,32768
Memory Setup Time,2.33765,32768
Kernel Exec Time,0.007167,32768
Total Exec Time,2.40729,32768
Memory Setup Time,2.33407,32768
Kernel Exec Time,0.006144,32768
Total Exec Time,2.34558,32768
Memory Setup Time,2.26732,32768
Kernel Exec Time,0.006145,32768
Total Exec Time,2.05049,32768
Memory Setup Time,1.9714,32768
Kernel Exec Time,0.007167,32768
Total Exec Time,2.43616,32768
Memory Setup Time,2.33545,32768
Kernel Exec Time,0.012287,32768
Total Exec Time,2.13042,32768
Memory Setup Time,2.05502,32768
Kernel Exec Time,0.006143,32768
Total Exec Time,2.21302,32768
Memory Setup Time,2.13828,32768
Kernel Exec Time,0.006143,32768
Total Exec Time,2.66711,32768
Memory Setup Time,2.58535,32768
Kernel Exec Time,0.007168,32768
Total Exec Time,2.42714,32768
Memory Setup Time,2.35015,32768
Kernel Exec Time,0.008193,32768
Total Exec Time,2.52399,32768
Memory Setup Time,2.44123,32768
Kernel Exec Time,0.007169,32768
Total Exec Time,3.00944,32768
Memory Setup Time,2.93195,32768
Kernel Exec Time,0.006144,32768
Total Exec Time,3.27759,32768
Memory Setup Time,3.20139,32768
Kernel Exec Time,0.007168,32768
Total Exec Time,3.31243,32768
Memory Setup Time,3.23629,32768
Kernel Exec Time,0.007167,32768
Total Exec Time,2.97334,32768
Memory Setup Time,2.89877,32768
Kernel Exec Time,0.006144,32768
Total Exec Time,3.21854,32768
Memory Setup Time,3.14489,32768
Kernel Exec Time,0.006144,32768
Total Exec Time,3.01667,65536
Memory Setup Time,2.93573,65536
Kernel Exec Time,0.006144,65536
Total Exec Time,3.3321,65536
Memory Setup Time,3.25609,65536
Kernel Exec Time,0.005119,65536
Total Exec Time,3.55825,65536
Memory Setup Time,3.47953,65536
Kernel Exec Time,0.007167,65536
Total Exec Time,3.53158,65536
Memory Setup Time,3.45238,65536
Kernel Exec Time,0.006144,65536
Total Exec Time,2.67443,65536
Memory Setup Time,2.59572,65536
Kernel Exec Time,0.006143,65536
Total Exec Time,2.42034,65536
Memory Setup Time,2.33872,65536
Kernel Exec Time,0.007167,65536
Total Exec Time,2.33465,65536
Memory Setup Time,2.25948,65536
Kernel Exec Time,0.007168,65536
Total Exec Time,2.14811,65536
Memory Setup Time,2.06504,65536
Kernel Exec Time,0.006144,65536
Total Exec Time,4.00884,65536
Memory Setup Time,3.93106,65536
Kernel Exec Time,0.006145,65536
Total Exec Time,2.01181,65536
Memory Setup Time,1.93372,65536
Kernel Exec Time,0.007168,65536
Total Exec Time,2.15672,65536
Memory Setup Time,2.08261,65536
Kernel Exec Time,0.007168,65536
Total Exec Time,2.24876,65536
Memory Setup Time,2.17483,65536
Kernel Exec Time,0.007168,65536
Total Exec Time,2.20497,65536
Memory Setup Time,2.12909,65536
Kernel Exec Time,0.006144,65536
Total Exec Time,2.31085,65536
Memory Setup Time,2.23143,65536
Kernel Exec Time,0.006144,65536
Total Exec Time,2.36158,65536
Memory Setup Time,2.28654,65536
Kernel Exec Time,0.006144,65536
Total Exec Time,2.34505,65536
Memory Setup Time,2.26799,65536
Kernel Exec Time,0.006144,65536
Total Exec Time,4.74797,65536
Memory Setup Time,4.67099,65536
Kernel Exec Time,0.006144,65536
Total Exec Time,2.15484,65536
Memory Setup Time,2.07476,65536
Kernel Exec Time,0.00512,65536
Total Exec Time,3.34151,65536
Memory Setup Time,3.26557,65536
Kernel Exec Time,0.008193,65536
Total Exec Time,2.18019,65536
Memory Setup Time,2.10289,65536
Kernel Exec Time,0.006144,65536
Total Exec Time,2.91768,65536
Memory Setup Time,2.83974,65536
Kernel Exec Time,0.006145,65536
Total Exec Time,3.1738,65536
Memory Setup Time,3.09624,65536
Kernel Exec Time,0.008192,65536
Total Exec Time,2.89984,65536
Memory Setup Time,2.82319,65536
Kernel Exec Time,0.008193,65536
Total Exec Time,3.26499,65536
Memory Setup Time,3.18509,65536
Kernel Exec Time,0.007169,65536
Total Exec Time,2.20724,65536
Memory Setup Time,2.12443,65536
Kernel Exec Time,0.006144,65536
Total Exec Time,3.17338,65536
Memory Setup Time,3.09539,65536
Kernel Exec Time,0.006144,65536
Total Exec Time,1.86342,65536
Memory Setup Time,1.78551,65536
Kernel Exec Time,0.006144,65536
Total Exec Time,2.12466,65536
Memory Setup Time,2.04992,65536
Kernel Exec Time,0.006143,65536
Total Exec Time,1.90061,65536
Memory Setup Time,1.82034,65536
Kernel Exec Time,0.007168,65536
Total Exec Time,1.8827,65536
Memory Setup Time,1.8052,65536
Kernel Exec Time,0.007169,65536
Total Exec Time,2.02817,131072
Memory Setup Time,1.95385,131072
Kernel Exec Time,0.007168,131072
Total Exec Time,2.26849,131072
Memory Setup Time,2.18732,131072
Kernel Exec Time,0.007169,131072
Total Exec Time,1.80809,131072
Memory Setup Time,1.72978,131072
Kernel Exec Time,0.006143,131072
Total Exec Time,2.19381,131072
Memory Setup Time,2.11911,131072
Kernel Exec Time,0.006145,131072
Total Exec Time,2.41542,131072
Memory Setup Time,2.34022,131072
Kernel Exec Time,0.006144,131072
Total Exec Time,2.26579,131072
Memory Setup Time,2.18442,131072
Kernel Exec Time,0.007167,131072
Total Exec Time,2.38989,131072
Memory Setup Time,2.31629,131072
Kernel Exec Time,0.006144,131072
Total Exec Time,2.43336,131072
Memory Setup Time,2.35934,131072
Kernel Exec Time,0.006144,131072
Total Exec Time,2.75412,131072
Memory Setup Time,2.6777,131072
Kernel Exec Time,0.006144,131072
Total Exec Time,3.25158,131072
Memory Setup Time,3.17348,131072
Kernel Exec Time,0.006144,131072
Total Exec Time,3.00533,131072
Memory Setup Time,2.92246,131072
Kernel Exec Time,0.007167,131072
Total Exec Time,2.28024,131072
Memory Setup Time,2.20399,131072
Kernel Exec Time,0.007168,131072
Total Exec Time,2.2742,131072
Memory Setup Time,2.1999,131072
Kernel Exec Time,0.006144,131072
Total Exec Time,2.48219,131072
Memory Setup Time,2.40833,131072
Kernel Exec Time,0.006144,131072
Total Exec Time,3.41419,131072
Memory Setup Time,3.33883,131072
Kernel Exec Time,0.006143,131072
Total Exec Time,3.79703,131072
Memory Setup Time,3.71867,131072
Kernel Exec Time,0.006144,131072
Total Exec Time,2.28259,131072
Memory Setup Time,2.20693,131072
Kernel Exec Time,0.007169,131072
Total Exec Time,2.73479,131072
Memory Setup Time,2.65333,131072
Kernel Exec Time,0.007167,131072
Total Exec Time,2.24072,131072
Memory Setup Time,2.16224,131072
Kernel Exec Time,0.008191,131072
Total Exec Time,2.40006,131072
Memory Setup Time,2.28481,131072
Kernel Exec Time,0.011263,131072
Total Exec Time,2.76044,131072
Memory Setup Time,2.67804,131072
Kernel Exec Time,0.007169,131072
Total Exec Time,2.45786,131072
Memory Setup Time,2.37634,131072
Kernel Exec Time,0.007167,131072
Total Exec Time,2.14994,131072
Memory Setup Time,2.07034,131072
Kernel Exec Time,0.007168,131072
Total Exec Time,2.48961,131072
Memory Setup Time,2.41242,131072
Kernel Exec Time,0.006144,131072
Total Exec Time,2.26477,131072
Memory Setup Time,2.17299,131072
Kernel Exec Time,0.009217,131072
Total Exec Time,2.39224,131072
Memory Setup Time,2.31276,131072
Kernel Exec Time,0.007169,131072
Total Exec Time,2.33019,131072
Memory Setup Time,2.25141,131072
Kernel Exec Time,0.006143,131072
Total Exec Time,2.03909,131072
Memory Setup Time,1.95873,131072
Kernel Exec Time,0.008192,131072
Total Exec Time,2.23212,131072
Memory Setup Time,2.14981,131072
Kernel Exec Time,0.007167,131072
Total Exec Time,2.49371,131072
Memory Setup Time,2.41131,131072
Kernel Exec Time,0.008192,131072
Total Exec Time,5.61842,262144
Memory Setup Time,5.53902,262144
Kernel Exec Time,0.007168,262144
Total Exec Time,3.99355,262144
Memory Setup Time,3.91752,262144
Kernel Exec Time,0.006144,262144
Total Exec Time,4.54492,262144
Memory Setup Time,4.47045,262144
Kernel Exec Time,0.007167,262144
Total Exec Time,4.22863,262144
Memory Setup Time,4.15567,262144
Kernel Exec Time,0.007169,262144
Total Exec Time,4.31119,262144
Memory Setup Time,4.23517,262144
Kernel Exec Time,0.008192,262144
Total Exec Time,4.05016,262144
Memory Setup Time,3.97748,262144
Kernel Exec Time,0.007167,262144
Total Exec Time,4.15789,262144
Memory Setup Time,4.079,262144
Kernel Exec Time,0.009217,262144
Total Exec Time,4.38411,262144
Memory Setup Time,4.30377,262144
Kernel Exec Time,0.006144,262144
Total Exec Time,2.42521,262144
Memory Setup Time,2.352,262144
Kernel Exec Time,0.007168,262144
Total Exec Time,2.64037,262144
Memory Setup Time,2.54771,262144
Kernel Exec Time,0.011264,262144
Total Exec Time,2.51289,262144
Memory Setup Time,2.43815,262144
Kernel Exec Time,0.007167,262144
Total Exec Time,2.66472,262144
Memory Setup Time,2.57194,262144
Kernel Exec Time,0.008193,262144
Total Exec Time,2.38205,262144
Memory Setup Time,2.29123,262144
Kernel Exec Time,0.012288,262144
Total Exec Time,2.69646,262144
Memory Setup Time,2.6187,262144
Kernel Exec Time,0.007169,262144
Total Exec Time,2.44725,262144
Memory Setup Time,2.37096,262144
Kernel Exec Time,0.007169,262144
Total Exec Time,2.366,262144
Memory Setup Time,2.28747,262144
Kernel Exec Time,0.007168,262144
Total Exec Time,2.47861,262144
Memory Setup Time,2.39912,262144
Kernel Exec Time,0.007169,262144
Total Exec Time,2.14758,262144
Memory Setup Time,2.0722,262144
Kernel Exec Time,0.007168,262144
Total Exec Time,2.70598,262144
Memory Setup Time,2.62944,262144
Kernel Exec Time,0.009217,262144
Total Exec Time,2.55506,262144
Memory Setup Time,2.47256,262144
Kernel Exec Time,0.007167,262144
Total Exec Time,2.4774,262144
Memory Setup Time,2.40359,262144
Kernel Exec Time,0.006144,262144
Total Exec Time,3.51214,262144
Memory Setup Time,3.43624,262144
Kernel Exec Time,0.007169,262144
Total Exec Time,2.95124,262144
Memory Setup Time,2.87397,262144
Kernel Exec Time,0.007168,262144
Total Exec Time,3.46098,262144
Memory Setup Time,3.38673,262144
Kernel Exec Time,0.007167,262144
Total Exec Time,3.82569,262144
Memory Setup Time,3.75148,262144
Kernel Exec Time,0.007167,262144
Total Exec Time,4.08368,262144
Memory Setup Time,4.0069,262144
Kernel Exec Time,0.009215,262144
Total Exec Time,2.343,262144
Memory Setup Time,2.25945,262144
Kernel Exec Time,0.007167,262144
Total Exec Time,4.28437,262144
Memory Setup Time,4.20529,262144
Kernel Exec Time,0.007167,262144
Total Exec Time,4.61056,262144
Memory Setup Time,4.52756,262144
Kernel Exec Time,0.007167,262144
Total Exec Time,3.10962,262144
Memory Setup Time,3.03177,262144
Kernel Exec Time,0.007168,262144
Total Exec Time,2.53324,524288
Memory Setup Time,2.44578,524288
Kernel Exec Time,0.008192,524288
Total Exec Time,2.30355,524288
Memory Setup Time,2.22164,524288
Kernel Exec Time,0.008193,524288
Total Exec Time,2.71635,524288
Memory Setup Time,2.63706,524288
Kernel Exec Time,0.008192,524288
Total Exec Time,2.83617,524288
Memory Setup Time,2.75621,524288
Kernel Exec Time,0.007168,524288
Total Exec Time,2.3424,524288
Memory Setup Time,2.26365,524288
Kernel Exec Time,0.008192,524288
Total Exec Time,2.54626,524288
Memory Setup Time,2.47111,524288
Kernel Exec Time,0.008193,524288
Total Exec Time,2.53008,524288
Memory Setup Time,2.4467,524288
Kernel Exec Time,0.008193,524288
Total Exec Time,2.38323,524288
Memory Setup Time,2.30445,524288
Kernel Exec Time,0.008192,524288
Total Exec Time,2.53939,524288
Memory Setup Time,2.45966,524288
Kernel Exec Time,0.007168,524288
Total Exec Time,2.76026,524288
Memory Setup Time,2.67928,524288
Kernel Exec Time,0.008193,524288
Total Exec Time,2.25331,524288
Memory Setup Time,2.17792,524288
Kernel Exec Time,0.008193,524288
Total Exec Time,2.86095,524288
Memory Setup Time,2.78242,524288
Kernel Exec Time,0.008192,524288
Total Exec Time,2.70666,524288
Memory Setup Time,2.62648,524288
Kernel Exec Time,0.007169,524288
Total Exec Time,4.87643,524288
Memory Setup Time,4.79933,524288
Kernel Exec Time,0.007168,524288
Total Exec Time,4.92055,524288
Memory Setup Time,4.83822,524288
Kernel Exec Time,0.008193,524288
Total Exec Time,4.86938,524288
Memory Setup Time,4.79184,524288
Kernel Exec Time,0.007169,524288
Total Exec Time,4.66784,524288
Memory Setup Time,4.5885,524288
Kernel Exec Time,0.008193,524288
Total Exec Time,4.73052,524288
Memory Setup Time,4.65167,524288
Kernel Exec Time,0.008192,524288
Total Exec Time,2.57943,524288
Memory Setup Time,2.49193,524288
Kernel Exec Time,0.009215,524288
Total Exec Time,3.70699,524288
Memory Setup Time,3.60204,524288
Kernel Exec Time,0.009215,524288
Total Exec Time,2.56546,524288
Memory Setup Time,2.48048,524288
Kernel Exec Time,0.008193,524288
Total Exec Time,2.55603,524288
Memory Setup Time,2.47425,524288
Kernel Exec Time,0.008193,524288
Total Exec Time,2.51877,524288
Memory Setup Time,2.43929,524288
Kernel Exec Time,0.008192,524288
Total Exec Time,2.71126,524288
Memory Setup Time,2.63202,524288
Kernel Exec Time,0.008192,524288
Total Exec Time,2.81232,524288
Memory Setup Time,2.73558,524288
Kernel Exec Time,0.007168,524288
Total Exec Time,2.62231,524288
Memory Setup Time,2.54171,524288
Kernel Exec Time,0.007168,524288
Total Exec Time,2.66585,524288
Memory Setup Time,2.58907,524288
Kernel Exec Time,0.008192,524288
Total Exec Time,2.38006,524288
Memory Setup Time,2.30477,524288
Kernel Exec Time,0.008193,524288
Total Exec Time,2.88676,524288
Memory Setup Time,2.80823,524288
Kernel Exec Time,0.008192,524288
Total Exec Time,2.5187,524288
Memory Setup Time,2.43827,524288
Kernel Exec Time,0.008193,524288
Total Exec Time,2.69968,1048576
Memory Setup Time,2.61579,1048576
Kernel Exec Time,0.010241,1048576
Total Exec Time,2.69333,1048576
Memory Setup Time,2.60979,1048576
Kernel Exec Time,0.010239,1048576
Total Exec Time,2.44284,1048576
Memory Setup Time,2.36557,1048576
Kernel Exec Time,0.009216,1048576
Total Exec Time,5.40662,1048576
Memory Setup Time,5.32257,1048576
Kernel Exec Time,0.01024,1048576
Total Exec Time,2.39074,1048576
Memory Setup Time,2.30715,1048576
Kernel Exec Time,0.009216,1048576
Total Exec Time,4.7489,1048576
Memory Setup Time,4.66881,1048576
Kernel Exec Time,0.009216,1048576
Total Exec Time,4.85775,1048576
Memory Setup Time,4.77651,1048576
Kernel Exec Time,0.01024,1048576
Total Exec Time,4.85974,1048576
Memory Setup Time,4.7822,1048576
Kernel Exec Time,0.009215,1048576
Total Exec Time,4.72732,1048576
Memory Setup Time,4.64714,1048576
Kernel Exec Time,0.009217,1048576
Total Exec Time,3.44284,1048576
Memory Setup Time,3.36593,1048576
Kernel Exec Time,0.009215,1048576
Total Exec Time,5.41009,1048576
Memory Setup Time,5.33037,1048576
Kernel Exec Time,0.009217,1048576
Total Exec Time,2.49808,1048576
Memory Setup Time,2.41223,1048576
Kernel Exec Time,0.010241,1048576
Total Exec Time,5.01297,1048576
Memory Setup Time,4.93343,1048576
Kernel Exec Time,0.009216,1048576
Total Exec Time,2.37293,1048576
Memory Setup Time,2.28975,1048576
Kernel Exec Time,0.009215,1048576
Total Exec Time,2.26517,1048576
Memory Setup Time,2.18832,1048576
Kernel Exec Time,0.009217,1048576
Total Exec Time,2.6082,1048576
Memory Setup Time,2.53126,1048576
Kernel Exec Time,0.009215,1048576
Total Exec Time,2.87877,1048576
Memory Setup Time,2.79624,1048576
Kernel Exec Time,0.009215,1048576
Total Exec Time,2.70942,1048576
Memory Setup Time,2.62931,1048576
Kernel Exec Time,0.009217,1048576
Total Exec Time,2.72581,1048576
Memory Setup Time,2.649,1048576
Kernel Exec Time,0.010241,1048576
Total Exec Time,2.67696,1048576
Memory Setup Time,2.59667,1048576
Kernel Exec Time,0.009215,1048576
Total Exec Time,2.35087,1048576
Memory Setup Time,2.26942,1048576
Kernel Exec Time,0.01024,1048576
Total Exec Time,2.33798,1048576
Memory Setup Time,2.2524,1048576
Kernel Exec Time,0.011265,1048576
Total Exec Time,2.71153,1048576
Memory Setup Time,2.62681,1048576
Kernel Exec Time,0.009216,1048576
Total Exec Time,2.61582,1048576
Memory Setup Time,2.53516,1048576
Kernel Exec Time,0.010239,1048576
Total Exec Time,2.6382,1048576
Memory Setup Time,2.5577,1048576
Kernel Exec Time,0.009215,1048576
Total Exec Time,2.63156,1048576
Memory Setup Time,2.54731,1048576
Kernel Exec Time,0.009217,1048576
Total Exec Time,2.59251,1048576
Memory Setup Time,2.51411,1048576
Kernel Exec Time,0.009215,1048576
Total Exec Time,5.50826,1048576
Memory Setup Time,5.42149,1048576
Kernel Exec Time,0.01024,1048576
Total Exec Time,5.06673,1048576
Memory Setup Time,4.98712,1048576
Kernel Exec Time,0.01024,1048576
Total Exec Time,3.46678,1048576
Memory Setup Time,3.3902,1048576
Kernel Exec Time,0.01024,1048576
Total Exec Time,4.13803,2097152
Memory Setup Time,4.05521,2097152
Kernel Exec Time,0.014337,2097152
Total Exec Time,4.78244,2097152
Memory Setup Time,4.69925,2097152
Kernel Exec Time,0.014336,2097152
Total Exec Time,4.50262,2097152
Memory Setup Time,4.41863,2097152
Kernel Exec Time,0.015359,2097152
Total Exec Time,4.46408,2097152
Memory Setup Time,4.38002,2097152
Kernel Exec Time,0.014335,2097152
Total Exec Time,2.36727,2097152
Memory Setup Time,2.28515,2097152
Kernel Exec Time,0.013313,2097152
Total Exec Time,2.1439,2097152
Memory Setup Time,2.0583,2097152
Kernel Exec Time,0.014337,2097152
Total Exec Time,2.51364,2097152
Memory Setup Time,2.42752,2097152
Kernel Exec Time,0.014337,2097152
Total Exec Time,1.96789,2097152
Memory Setup Time,1.87531,2097152
Kernel Exec Time,0.015359,2097152
Total Exec Time,2.13277,2097152
Memory Setup Time,2.04703,2097152
Kernel Exec Time,0.014337,2097152
Total Exec Time,2.53163,2097152
Memory Setup Time,2.4485,2097152
Kernel Exec Time,0.014335,2097152
Total Exec Time,2.03374,2097152
Memory Setup Time,1.95051,2097152
Kernel Exec Time,0.014337,2097152
Total Exec Time,2.06638,2097152
Memory Setup Time,1.98398,2097152
Kernel Exec Time,0.014336,2097152
Total Exec Time,2.41615,2097152
Memory Setup Time,2.33011,2097152
Kernel Exec Time,0.014335,2097152
Total Exec Time,2.80869,2097152
Memory Setup Time,2.7263,2097152
Kernel Exec Time,0.014335,2097152
Total Exec Time,2.88632,2097152
Memory Setup Time,2.8038,2097152
Kernel Exec Time,0.013313,2097152
Total Exec Time,2.4817,2097152
Memory Setup Time,2.39831,2097152
Kernel Exec Time,0.014337,2097152
Total Exec Time,2.52656,2097152
Memory Setup Time,2.44248,2097152
Kernel Exec Time,0.014335,2097152
Total Exec Time,8.20515,2097152
Memory Setup Time,8.11016,2097152
Kernel Exec Time,0.014337,2097152
Total Exec Time,4.08299,2097152
Memory Setup Time,3.99889,2097152
Kernel Exec Time,0.014335,2097152
Total Exec Time,4.75765,2097152
Memory Setup Time,4.6734,2097152
Kernel Exec Time,0.014335,2097152
Total Exec Time,5.49925,2097152
Memory Setup Time,5.40923,2097152
Kernel Exec Time,0.013311,2097152
Total Exec Time,6.04597,2097152
Memory Setup Time,5.96016,2097152
Kernel Exec Time,0.014337,2097152
Total Exec Time,4.85145,2097152
Memory Setup Time,4.76931,2097152
Kernel Exec Time,0.014336,2097152
Total Exec Time,5.3081,2097152
Memory Setup Time,5.20296,2097152
Kernel Exec Time,0.02048,2097152
Total Exec Time,3.81119,2097152
Memory Setup Time,3.72799,2097152
Kernel Exec Time,0.014337,2097152
Total Exec Time,5.00918,2097152
Memory Setup Time,4.92193,2097152
Kernel Exec Time,0.014335,2097152
Total Exec Time,2.81359,2097152
Memory Setup Time,2.71026,2097152
Kernel Exec Time,0.016385,2097152
Total Exec Time,2.59917,2097152
Memory Setup Time,2.51228,2097152
Kernel Exec Time,0.013313,2097152
Total Exec Time,2.5615,2097152
Memory Setup Time,2.48034,2097152
Kernel Exec Time,0.014335,2097152
Total Exec Time,2.69649,2097152
Memory Setup Time,2.61112,2097152
Kernel Exec Time,0.014335,2097152
Total Exec Time,2.28768,4194304
Memory Setup Time,2.16848,4194304
Kernel Exec Time,0.039936,4194304
Total Exec Time,2.79912,4194304
Memory Setup Time,2.69064,4194304
Kernel Exec Time,0.04096,4194304
Total Exec Time,2.56107,4194304
Memory Setup Time,2.45076,4194304
Kernel Exec Time,0.041983,4194304
Total Exec Time,2.86899,4194304
Memory Setup Time,2.75436,4194304
Kernel Exec Time,0.039935,4194304
Total Exec Time,2.89836,4194304
Memory Setup Time,2.7828,4194304
Kernel Exec Time,0.039935,4194304
Total Exec Time,2.37543,4194304
Memory Setup Time,2.26289,4194304
Kernel Exec Time,0.040959,4194304
Total Exec Time,2.80524,4194304
Memory Setup Time,2.69211,4194304
Kernel Exec Time,0.039935,4194304
Total Exec Time,2.45939,4194304
Memory Setup Time,2.34161,4194304
Kernel Exec Time,0.039935,4194304
Total Exec Time,3.34828,4194304
Memory Setup Time,3.23362,4194304
Kernel Exec Time,0.04096,4194304
Total Exec Time,5.90467,4194304
Memory Setup Time,5.78227,4194304
Kernel Exec Time,0.040961,4194304
Total Exec Time,5.99918,4194304
Memory Setup Time,5.86923,4194304
Kernel Exec Time,0.04096,4194304
Total Exec Time,5.27335,4194304
Memory Setup Time,5.15459,4194304
Kernel Exec Time,0.039936,4194304
Total Exec Time,4.75505,4194304
Memory Setup Time,4.63642,4194304
Kernel Exec Time,0.039936,4194304
Total Exec Time,4.68756,4194304
Memory Setup Time,4.57064,4194304
Kernel Exec Time,0.040959,4194304
Total Exec Time,4.06076,4194304
Memory Setup Time,3.94735,4194304
Kernel Exec Time,0.040959,4194304
Total Exec Time,5.03974,4194304
Memory Setup Time,4.92834,4194304
Kernel Exec Time,0.039937,4194304
Total Exec Time,2.43574,4194304
Memory Setup Time,2.32492,4194304
Kernel Exec Time,0.039936,4194304
Total Exec Time,2.67462,4194304
Memory Setup Time,2.56107,4194304
Kernel Exec Time,0.039936,4194304
Total Exec Time,2.74484,4194304
Memory Setup Time,2.62966,4194304
Kernel Exec Time,0.040959,4194304
Total Exec Time,2.49999,4194304
Memory Setup Time,2.37165,4194304
Kernel Exec Time,0.046079,4194304
Total Exec Time,2.69401,4194304
Memory Setup Time,2.58434,4194304
Kernel Exec Time,0.039935,4194304
Total Exec Time,2.74702,4194304
Memory Setup Time,2.63228,4194304
Kernel Exec Time,0.039935,4194304
Total Exec Time,2.8579,4194304
Memory Setup Time,2.74428,4194304
Kernel Exec Time,0.04096,4194304
Total Exec Time,2.68461,4194304
Memory Setup Time,2.57143,4194304
Kernel Exec Time,0.040959,4194304
Total Exec Time,2.51391,4194304
Memory Setup Time,2.40076,4194304
Kernel Exec Time,0.039937,4194304
Total Exec Time,2.64844,4194304
Memory Setup Time,2.53646,4194304
Kernel Exec Time,0.039937,4194304
Total Exec Time,2.97589,4194304
Memory Setup Time,2.86279,4194304
Kernel Exec Time,0.039936,4194304
Total Exec Time,2.59544,4194304
Memory Setup Time,2.48052,4194304
Kernel Exec Time,0.04096,4194304
Total Exec Time,2.64401,4194304
Memory Setup Time,2.53316,4194304
Kernel Exec Time,0.040959,4194304
Total Exec Time,2.80733,4194304
Memory Setup Time,2.69731,4194304
Kernel Exec Time,0.039935,4194304
Total Exec Time,2.81843,8388608
Memory Setup Time,2.67323,8388608
Kernel Exec Time,0.071679,8388608
Total Exec Time,4.30972,8388608
Memory Setup Time,4.16485,8388608
Kernel Exec Time,0.07168,8388608
Total Exec Time,3.83346,8388608
Memory Setup Time,3.68921,8388608
Kernel Exec Time,0.071679,8388608
Total Exec Time,2.31832,8388608
Memory Setup Time,2.16191,8388608
Kernel Exec Time,0.07168,8388608
Total Exec Time,4.16361,8388608
Memory Setup Time,4.00324,8388608
Kernel Exec Time,0.073728,8388608
Total Exec Time,3.09354,8388608
Memory Setup Time,2.95234,8388608
Kernel Exec Time,0.071679,8388608
Total Exec Time,3.96806,8388608
Memory Setup Time,3.8214,8388608
Kernel Exec Time,0.070655,8388608
Total Exec Time,3.21494,8388608
Memory Setup Time,3.06985,8388608
Kernel Exec Time,0.071681,8388608
Total Exec Time,3.69454,8388608
Memory Setup Time,3.53211,8388608
Kernel Exec Time,0.077825,8388608
Total Exec Time,2.54702,8388608
Memory Setup Time,2.40122,8388608
Kernel Exec Time,0.071679,8388608
Total Exec Time,2.72596,8388608
Memory Setup Time,2.58294,8388608
Kernel Exec Time,0.070655,8388608
Total Exec Time,3.09634,8388608
Memory Setup Time,2.94682,8388608
Kernel Exec Time,0.07168,8388608
Total Exec Time,2.79414,8388608
Memory Setup Time,2.65094,8388608
Kernel Exec Time,0.071679,8388608
Total Exec Time,2.91671,8388608
Memory Setup Time,2.77287,8388608
Kernel Exec Time,0.07168,8388608
Total Exec Time,2.5916,8388608
Memory Setup Time,2.44866,8388608
Kernel Exec Time,0.071681,8388608
Total Exec Time,2.5265,8388608
Memory Setup Time,2.38271,8388608
Kernel Exec Time,0.07168,8388608
Total Exec Time,2.39204,8388608
Memory Setup Time,2.24995,8388608
Kernel Exec Time,0.07168,8388608
Total Exec Time,2.62533,8388608
Memory Setup Time,2.48176,8388608
Kernel Exec Time,0.071681,8388608
Total Exec Time,2.50212,8388608
Memory Setup Time,2.3623,8388608
Kernel Exec Time,0.071679,8388608
Total Exec Time,2.93432,8388608
Memory Setup Time,2.79433,8388608
Kernel Exec Time,0.071681,8388608
Total Exec Time,3.13058,8388608
Memory Setup Time,2.98555,8388608
Kernel Exec Time,0.07168,8388608
Total Exec Time,2.5881,8388608
Memory Setup Time,2.44914,8388608
Kernel Exec Time,0.070657,8388608
Total Exec Time,4.27155,8388608
Memory Setup Time,4.12888,8388608
Kernel Exec Time,0.071681,8388608
Total Exec Time,4.83585,8388608
Memory Setup Time,4.69233,8388608
Kernel Exec Time,0.071679,8388608
Total Exec Time,6.14971,8388608
Memory Setup Time,6.00584,8388608
Kernel Exec Time,0.07168,8388608
Total Exec Time,2.80699,8388608
Memory Setup Time,2.66479,8388608
Kernel Exec Time,0.07168,8388608
Total Exec Time,4.39704,8388608
Memory Setup Time,4.2562,8388608
Kernel Exec Time,0.071679,8388608
Total Exec Time,4.36104,8388608
Memory Setup Time,4.21541,8388608
Kernel Exec Time,0.07168,8388608
Total Exec Time,4.25339,8388608
Memory Setup Time,4.10983,8388608
Kernel Exec Time,0.07168,8388608
Total Exec Time,7.22103,8388608
Memory Setup Time,7.05815,8388608
Kernel Exec Time,0.077823,8388608
Total Exec Time,2.95976,16777216
Memory Setup Time,2.76235,16777216
Kernel Exec Time,0.129024,16777216
Total Exec Time,2.86414,16777216
Memory Setup Time,2.66236,16777216
Kernel Exec Time,0.130048,16777216
Total Exec Time,2.84063,16777216
Memory Setup Time,2.64253,16777216
Kernel Exec Time,0.130047,16777216
Total Exec Time,2.65109,16777216
Memory Setup Time,2.44873,16777216
Kernel Exec Time,0.130048,16777216
Total Exec Time,2.86708,16777216
Memory Setup Time,2.6676,16777216
Kernel Exec Time,0.130048,16777216
Total Exec Time,3.09593,16777216
Memory Setup Time,2.89416,16777216
Kernel Exec Time,0.129024,16777216
Total Exec Time,2.73745,16777216
Memory Setup Time,2.53456,16777216
Kernel Exec Time,0.131072,16777216
Total Exec Time,2.93322,16777216
Memory Setup Time,2.73436,16777216
Kernel Exec Time,0.129024,16777216
Total Exec Time,2.92539,16777216
Memory Setup Time,2.72462,16777216
Kernel Exec Time,0.130048,16777216
Total Exec Time,2.70411,16777216
Memory Setup Time,2.50191,16777216
Kernel Exec Time,0.130048,16777216
Total Exec Time,2.84613,16777216
Memory Setup Time,2.64352,16777216
Kernel Exec Time,0.130048,16777216
Total Exec Time,2.79801,16777216
Memory Setup Time,2.59474,16777216
Kernel Exec Time,0.130049,16777216
Total Exec Time,2.75432,16777216
Memory Setup Time,2.55326,16777216
Kernel Exec Time,0.130048,16777216
Total Exec Time,2.961,16777216
Memory Setup Time,2.75998,16777216
Kernel Exec Time,0.130048,16777216
Total Exec Time,4.70251,16777216
Memory Setup Time,4.50138,16777216
Kernel Exec Time,0.129024,16777216
Total Exec Time,5.1499,16777216
Memory Setup Time,4.95176,16777216
Kernel Exec Time,0.130048,16777216
Total Exec Time,5.78985,16777216
Memory Setup Time,5.58449,16777216
Kernel Exec Time,0.130047,16777216
Total Exec Time,5.09869,16777216
Memory Setup Time,4.8984,16777216
Kernel Exec Time,0.130047,16777216
Total Exec Time,4.92587,16777216
Memory Setup Time,4.72225,16777216
Kernel Exec Time,0.130047,16777216
Total Exec Time,6.28323,16777216
Memory Setup Time,6.07883,16777216
Kernel Exec Time,0.130049,16777216
Total Exec Time,6.2414,16777216
Memory Setup Time,6.03812,16777216
Kernel Exec Time,0.129025,16777216
Total Exec Time,5.23434,16777216
Memory Setup Time,5.03508,16777216
Kernel Exec Time,0.130047,16777216
Total Exec Time,2.76097,16777216
Memory Setup Time,2.55823,16777216
Kernel Exec Time,0.130047,16777216
Total Exec Time,2.83144,16777216
Memory Setup Time,2.63031,16777216
Kernel Exec Time,0.130048,16777216
Total Exec Time,3.05669,16777216
Memory Setup Time,2.83768,16777216
Kernel Exec Time,0.134145,16777216
Total Exec Time,2.76131,16777216
Memory Setup Time,2.54989,16777216
Kernel Exec Time,0.130048,16777216
Total Exec Time,2.85219,16777216
Memory Setup Time,2.65063,16777216
Kernel Exec Time,0.130048,16777216
Total Exec Time,2.63228,16777216
Memory Setup Time,2.43369,16777216
Kernel Exec Time,0.131072,16777216
Total Exec Time,2.98156,16777216
Memory Setup Time,2.78274,16777216
Kernel Exec Time,0.130048,16777216
Total Exec Time,2.91619,16777216
Memory Setup Time,2.71557,16777216
Kernel Exec Time,0.130048,16777216
Total Exec Time,3.11587,33554432
Memory Setup Time,2.78152,33554432
Kernel Exec Time,0.264191,33554432
Total Exec Time,3.09625,33554432
Memory Setup Time,2.75907,33554432
Kernel Exec Time,0.254977,33554432
Total Exec Time,3.01326,33554432
Memory Setup Time,2.68695,33554432
Kernel Exec Time,0.254975,33554432
Total Exec Time,6.9085,33554432
Memory Setup Time,6.57818,33554432
Kernel Exec Time,0.257024,33554432
Total Exec Time,3.16958,33554432
Memory Setup Time,2.84231,33554432
Kernel Exec Time,0.257024,33554432
Total Exec Time,5.77307,33554432
Memory Setup Time,5.44042,33554432
Kernel Exec Time,0.254977,33554432
Total Exec Time,5.15009,33554432
Memory Setup Time,4.81643,33554432
Kernel Exec Time,0.256,33554432
Total Exec Time,3.01765,33554432
Memory Setup Time,2.68928,33554432
Kernel Exec Time,0.252928,33554432
Total Exec Time,5.06111,33554432
Memory Setup Time,4.72529,33554432
Kernel Exec Time,0.262144,33554432
Total Exec Time,3.15949,33554432
Memory Setup Time,2.83058,33554432
Kernel Exec Time,0.254976,33554432
Total Exec Time,5.58946,33554432
Memory Setup Time,5.26426,33554432
Kernel Exec Time,0.256001,33554432
Total Exec Time,4.18664,33554432
Memory Setup Time,3.86142,33554432
Kernel Exec Time,0.256,33554432
Total Exec Time,52.1519,33554432
Memory Setup Time,51.8295,33554432
Kernel Exec Time,0.252929,33554432
Total Exec Time,2.69397,33554432
Memory Setup Time,2.36927,33554432
Kernel Exec Time,0.253952,33554432
Total Exec Time,2.87148,33554432
Memory Setup Time,2.54546,33554432
Kernel Exec Time,0.257024,33554432
Total Exec Time,2.62779,33554432
Memory Setup Time,2.30517,33554432
Kernel Exec Time,0.254977,33554432
Total Exec Time,2.70865,33554432
Memory Setup Time,2.38155,33554432
Kernel Exec Time,0.257025,33554432
Total Exec Time,2.71525,33554432
Memory Setup Time,2.3929,33554432
Kernel Exec Time,0.252928,33554432
Total Exec Time,2.76855,33554432
Memory Setup Time,2.44401,33554432
Kernel Exec Time,0.253952,33554432
Total Exec Time,2.43413,33554432
Memory Setup Time,2.1108,33554432
Kernel Exec Time,0.253952,33554432
Total Exec Time,2.81931,33554432
Memory Setup Time,2.49168,33554432
Kernel Exec Time,0.253951,33554432
Total Exec Time,2.76603,33554432
Memory Setup Time,2.43897,33554432
Kernel Exec Time,0.258049,33554432
Total Exec Time,2.55045,33554432
Memory Setup Time,2.20794,33554432
Kernel Exec Time,0.26112,33554432
Total Exec Time,2.68593,33554432
Memory Setup Time,2.35984,33554432
Kernel Exec Time,0.254975,33554432
Total Exec Time,2.85428,33554432
Memory Setup Time,2.52633,33554432
Kernel Exec Time,0.254975,33554432
Total Exec Time,2.49744,33554432
Memory Setup Time,2.17115,33554432
Kernel Exec Time,0.256,33554432
Total Exec Time,5.24797,33554432
Memory Setup Time,4.90803,33554432
Kernel Exec Time,0.257024,33554432
Total Exec Time,6.26126,33554432
Memory Setup Time,5.93684,33554432
Kernel Exec Time,0.254976,33554432
Total Exec Time,5.34308,33554432
Memory Setup Time,5.00219,33554432
Kernel Exec Time,0.251904,33554432
Total Exec Time,3.84143,33554432
Memory Setup Time,3.51052,33554432
Kernel Exec Time,0.256,33554432
Total Exec Time,4.80649,67108864
Memory Setup Time,4.2162,67108864
Kernel Exec Time,0.519168,67108864
Total Exec Time,6.1849,67108864
Memory Setup Time,5.58684,67108864
Kernel Exec Time,0.524287,67108864
Total Exec Time,6.43956,67108864
Memory Setup Time,5.8379,67108864
Kernel Exec Time,0.523264,67108864
Total Exec Time,5.85183,67108864
Memory Setup Time,5.25541,67108864
Kernel Exec Time,0.526336,67108864
Total Exec Time,3.73359,67108864
Memory Setup Time,3.13442,67108864
Kernel Exec Time,0.523264,67108864
Total Exec Time,3.58945,67108864
Memory Setup Time,2.99099,67108864
Kernel Exec Time,0.528384,67108864
Total Exec Time,3.7586,67108864
Memory Setup Time,3.16133,67108864
Kernel Exec Time,0.522239,67108864
Total Exec Time,3.79302,67108864
Memory Setup Time,3.19241,67108864
Kernel Exec Time,0.524287,67108864
Total Exec Time,3.54783,67108864
Memory Setup Time,2.95328,67108864
Kernel Exec Time,0.519169,67108864
Total Exec Time,3.58349,67108864
Memory Setup Time,2.98635,67108864
Kernel Exec Time,0.52224,67108864
Total Exec Time,3.9539,67108864
Memory Setup Time,3.35281,67108864
Kernel Exec Time,0.524289,67108864
Total Exec Time,3.43246,67108864
Memory Setup Time,2.82297,67108864
Kernel Exec Time,0.526336,67108864
Total Exec Time,3.25771,67108864
Memory Setup Time,2.66453,67108864
Kernel Exec Time,0.523264,67108864
Total Exec Time,3.79935,67108864
Memory Setup Time,3.20214,67108864
Kernel Exec Time,0.523263,67108864
Total Exec Time,3.89273,67108864
Memory Setup Time,3.28766,67108864
Kernel Exec Time,0.528384,67108864
Total Exec Time,3.89879,67108864
Memory Setup Time,3.30005,67108864
Kernel Exec Time,0.524288,67108864
Total Exec Time,3.41308,67108864
Memory Setup Time,2.81224,67108864
Kernel Exec Time,0.523264,67108864
Total Exec Time,3.20099,67108864
Memory Setup Time,2.60603,67108864
Kernel Exec Time,0.52736,67108864
Total Exec Time,6.95246,67108864
Memory Setup Time,6.355,67108864
Kernel Exec Time,0.522239,67108864
Total Exec Time,4.85296,67108864
Memory Setup Time,4.25785,67108864
Kernel Exec Time,0.522239,67108864
Total Exec Time,6.04203,67108864
Memory Setup Time,5.43967,67108864
Kernel Exec Time,0.525312,67108864
Total Exec Time,4.95996,67108864
Memory Setup Time,4.36391,67108864
Kernel Exec Time,0.525312,67108864
Total Exec Time,6.08961,67108864
Memory Setup Time,5.48671,67108864
Kernel Exec Time,0.525313,67108864
Total Exec Time,5.96961,67108864
Memory Setup Time,5.37537,67108864
Kernel Exec Time,0.523264,67108864
Total Exec Time,7.57033,67108864
Memory Setup Time,6.97223,67108864
Kernel Exec Time,0.522241,67108864
Total Exec Time,7.88314,67108864
Memory Setup Time,7.28871,67108864
Kernel Exec Time,0.525313,67108864
Total Exec Time,3.69557,67108864
Memory Setup Time,3.09999,67108864
Kernel Exec Time,0.521215,67108864
Total Exec Time,3.85534,67108864
Memory Setup Time,3.25936,67108864
Kernel Exec Time,0.522241,67108864
Total Exec Time,3.19005,67108864
Memory Setup Time,2.59854,67108864
Kernel Exec Time,0.520191,67108864
Total Exec Time,3.43968,67108864
Memory Setup Time,2.84823,67108864
Kernel Exec Time,0.524287,67108864
Total Exec Time,4.51063,134217728
Memory Setup Time,3.41066,134217728
Kernel Exec Time,1.02093,134217728
Total Exec Time,4.75134,134217728
Memory Setup Time,3.6539,134217728
Kernel Exec Time,1.02195,134217728
Total Exec Time,4.82681,134217728
Memory Setup Time,3.73661,134217728
Kernel Exec Time,1.01888,134217728
Total Exec Time,4.50674,134217728
Memory Setup Time,3.41043,134217728
Kernel Exec Time,1.02195,134217728
Total Exec Time,4.47197,134217728
Memory Setup Time,3.3751,134217728
Kernel Exec Time,1.02503,134217728
Total Exec Time,4.83483,134217728
Memory Setup Time,3.73937,134217728
Kernel Exec Time,1.0199,134217728
Total Exec Time,4.72922,134217728
Memory Setup Time,3.64017,134217728
Kernel Exec Time,1.01888,134217728
Total Exec Time,5.58029,134217728
Memory Setup Time,4.47727,134217728
Kernel Exec Time,1.01888,134217728
Total Exec Time,6.76954,134217728
Memory Setup Time,5.66597,134217728
Kernel Exec Time,1.024,134217728
Total Exec Time,8.06311,134217728
Memory Setup Time,6.97007,134217728
Kernel Exec Time,1.01888,134217728
Total Exec Time,7.56667,134217728
Memory Setup Time,6.4686,134217728
Kernel Exec Time,1.02195,134217728
Total Exec Time,4.4128,134217728
Memory Setup Time,3.31684,134217728
Kernel Exec Time,1.024,134217728
Total Exec Time,5.73693,134217728
Memory Setup Time,4.64059,134217728
Kernel Exec Time,1.0199,134217728
Total Exec Time,6.90031,134217728
Memory Setup Time,5.79422,134217728
Kernel Exec Time,1.01581,134217728
Total Exec Time,5.54315,134217728
Memory Setup Time,4.4494,134217728
Kernel Exec Time,1.0199,134217728
Total Exec Time,7.66019,134217728
Memory Setup Time,6.56339,134217728
Kernel Exec Time,1.02093,134217728
Total Exec Time,4.60117,134217728
Memory Setup Time,3.51022,134217728
Kernel Exec Time,1.01581,134217728
Total Exec Time,4.51352,134217728
Memory Setup Time,3.42219,134217728
Kernel Exec Time,1.02195,134217728
Total Exec Time,4.41171,134217728
Memory Setup Time,3.32039,134217728
Kernel Exec Time,1.02195,134217728
Total Exec Time,4.70186,134217728
Memory Setup Time,3.60775,134217728
Kernel Exec Time,1.01888,134217728
Total Exec Time,4.61764,134217728
Memory Setup Time,3.52463,134217728
Kernel Exec Time,1.01888,134217728
Total Exec Time,4.53118,134217728
Memory Setup Time,3.43917,134217728
Kernel Exec Time,1.02298,134217728
Total Exec Time,4.62712,134217728
Memory Setup Time,3.5323,134217728
Kernel Exec Time,1.02195,134217728
Total Exec Time,4.57486,134217728
Memory Setup Time,3.48547,134217728
Kernel Exec Time,1.0199,134217728
Total Exec Time,4.4312,134217728
Memory Setup Time,3.34014,134217728
Kernel Exec Time,1.01991,134217728
Total Exec Time,4.27696,134217728
Memory Setup Time,3.17059,134217728
Kernel Exec Time,1.02297,134217728
Total Exec Time,4.82706,134217728
Memory Setup Time,3.7312,134217728
Kernel Exec Time,1.01888,134217728
Total Exec Time,4.66019,134217728
Memory Setup Time,3.56742,134217728
Kernel Exec Time,1.02195,134217728
Total Exec Time,4.41388,134217728
Memory Setup Time,3.31274,134217728
Kernel Exec Time,1.02093,134217728
Total Exec Time,6.43476,134217728
Memory Setup Time,5.33886,134217728
Kernel Exec Time,1.0199,134217728
Total Exec Time,9.09182,268435456
Memory Setup Time,6.96265,268435456
Kernel Exec Time,2.04493,268435456
Total Exec Time,10.1557,268435456
Memory Setup Time,8.03379,268435456
Kernel Exec Time,2.04902,268435456
Total Exec Time,9.9602,268435456
Memory Setup Time,7.8365,268435456
Kernel Exec Time,2.04288,268435456
Total Exec Time,9.89255,268435456
Memory Setup Time,7.77872,268435456
Kernel Exec Time,2.04083,268435456
Total Exec Time,9.18605,268435456
Memory Setup Time,7.06391,268435456
Kernel Exec Time,2.03981,268435456
Total Exec Time,8.99831,268435456
Memory Setup Time,6.87815,268435456
Kernel Exec Time,2.03981,268435456
Total Exec Time,10.1753,268435456
Memory Setup Time,8.04772,268435456
Kernel Exec Time,2.04698,268435456
Total Exec Time,6.87136,268435456
Memory Setup Time,4.75126,268435456
Kernel Exec Time,2.04698,268435456
Total Exec Time,6.51387,268435456
Memory Setup Time,4.39576,268435456
Kernel Exec Time,2.04288,268435456
Total Exec Time,6.61148,268435456
Memory Setup Time,4.48747,268435456
Kernel Exec Time,2.0439,268435456
Total Exec Time,6.63035,268435456
Memory Setup Time,4.51421,268435456
Kernel Exec Time,2.04288,268435456
Total Exec Time,6.86807,268435456
Memory Setup Time,4.75049,268435456
Kernel Exec Time,2.04083,268435456
Total Exec Time,6.60617,268435456
Memory Setup Time,4.4879,268435456
Kernel Exec Time,2.04288,268435456
Total Exec Time,6.42621,268435456
Memory Setup Time,4.31068,268435456
Kernel Exec Time,2.04288,268435456
Total Exec Time,6.42504,268435456
Memory Setup Time,4.29805,268435456
Kernel Exec Time,2.04186,268435456
Total Exec Time,6.57627,268435456
Memory Setup Time,4.44288,268435456
Kernel Exec Time,2.04902,268435456
Total Exec Time,6.28693,268435456
Memory Setup Time,4.16837,268435456
Kernel Exec Time,2.04902,268435456
Total Exec Time,6.79902,268435456
Memory Setup Time,4.68129,268435456
Kernel Exec Time,2.04493,268435456
Total Exec Time,6.62641,268435456
Memory Setup Time,4.51177,268435456
Kernel Exec Time,2.04083,268435456
Total Exec Time,9.76219,268435456
Memory Setup Time,7.64543,268435456
Kernel Exec Time,2.04083,268435456
Total Exec Time,6.61927,268435456
Memory Setup Time,4.50365,268435456
Kernel Exec Time,2.0439,268435456
Total Exec Time,13.225,268435456
Memory Setup Time,11.1141,268435456
Kernel Exec Time,2.04083,268435456
Total Exec Time,9.7522,268435456
Memory Setup Time,7.63342,268435456
Kernel Exec Time,2.04288,268435456
Total Exec Time,8.35581,268435456
Memory Setup Time,6.2403,268435456
Kernel Exec Time,2.04083,268435456
Total Exec Time,10.8044,268435456
Memory Setup Time,8.68299,268435456
Kernel Exec Time,2.048,268435456
Total Exec Time,7.39866,268435456
Memory Setup Time,5.27461,268435456
Kernel Exec Time,2.04493,268435456
Total Exec Time,9.10056,268435456
Memory Setup Time,6.98088,268435456
Kernel Exec Time,2.04083,268435456
Total Exec Time,8.09066,268435456
Memory Setup Time,5.96708,268435456
Kernel Exec Time,2.04595,268435456
Total Exec Time,6.62439,268435456
Memory Setup Time,4.51114,268435456
Kernel Exec Time,2.04083,268435456
Total Exec Time,6.50068,268435456
Memory Setup Time,4.37702,268435456
Kernel Exec Time,2.05005,268435456
Total Exec Time,10.3831,536870912
Memory Setup Time,6.21901,536870912
Kernel Exec Time,4.07962,536870912
Total Exec Time,10.7867,536870912
Memory Setup Time,6.60947,536870912
Kernel Exec Time,4.08269,536870912
Total Exec Time,10.4025,536870912
Memory Setup Time,6.2375,536870912
Kernel Exec Time,4.08269,536870912
Total Exec Time,10.329,536870912
Memory Setup Time,6.16227,536870912
Kernel Exec Time,4.07962,536870912
Total Exec Time,10.6209,536870912
Memory Setup Time,6.45291,536870912
Kernel Exec Time,4.08166,536870912
Total Exec Time,10.2431,536870912
Memory Setup Time,6.08112,536870912
Kernel Exec Time,4.08269,536870912
Total Exec Time,10.6641,536870912
Memory Setup Time,6.498,536870912
Kernel Exec Time,4.0745,536870912
Total Exec Time,10.9191,536870912
Memory Setup Time,6.74988,536870912
Kernel Exec Time,4.08064,536870912
Total Exec Time,10.4242,536870912
Memory Setup Time,6.26302,536870912
Kernel Exec Time,4.07859,536870912
Total Exec Time,10.7399,536870912
Memory Setup Time,6.58073,536870912
Kernel Exec Time,4.08576,536870912
Total Exec Time,12.4725,536870912
Memory Setup Time,8.29889,536870912
Kernel Exec Time,4.08064,536870912
Total Exec Time,13.2925,536870912
Memory Setup Time,9.12115,536870912
Kernel Exec Time,4.08269,536870912
Total Exec Time,12.1616,536870912
Memory Setup Time,7.99368,536870912
Kernel Exec Time,4.08064,536870912
Total Exec Time,10.3669,536870912
Memory Setup Time,6.20159,536870912
Kernel Exec Time,4.08576,536870912
Total Exec Time,12.8486,536870912
Memory Setup Time,8.69004,536870912
Kernel Exec Time,4.08166,536870912
Total Exec Time,12.5379,536870912
Memory Setup Time,8.37937,536870912
Kernel Exec Time,4.07654,536870912
Total Exec Time,12.6362,536870912
Memory Setup Time,8.47838,536870912
Kernel Exec Time,4.07757,536870912
Total Exec Time,15.6265,536870912
Memory Setup Time,11.4687,536870912
Kernel Exec Time,4.07654,536870912
Total Exec Time,10.582,536870912
Memory Setup Time,6.42324,536870912
Kernel Exec Time,4.07859,536870912
Total Exec Time,10.0731,536870912
Memory Setup Time,5.91184,536870912
Kernel Exec Time,4.08474,536870912
Total Exec Time,10.1711,536870912
Memory Setup Time,5.9963,536870912
Kernel Exec Time,4.08576,536870912
Total Exec Time,10.3079,536870912
Memory Setup Time,6.14844,536870912
Kernel Exec Time,4.07962,536870912
Total Exec Time,9.95985,536870912
Memory Setup Time,5.79892,536870912
Kernel Exec Time,4.08474,536870912
Total Exec Time,10.2964,536870912
Memory Setup Time,6.1383,536870912
Kernel Exec Time,4.07962,536870912
Total Exec Time,10.3285,536870912
Memory Setup Time,6.16754,536870912
Kernel Exec Time,4.07962,536870912
Total Exec Time,10.4702,536870912
Memory Setup Time,6.30671,536870912
Kernel Exec Time,4.08576,536870912
Total Exec Time,10.1948,536870912
Memory Setup Time,6.03958,536870912
Kernel Exec Time,4.07552,536870912
Total Exec Time,10.4505,536870912
Memory Setup Time,6.28725,536870912
Kernel Exec Time,4.08371,536870912
Total Exec Time,10.3364,536870912
Memory Setup Time,6.18318,536870912
Kernel Exec Time,4.07859,536870912
Total Exec Time,10.2843,536870912
Memory Setup Time,6.12069,536870912
Kernel Exec Time,4.08474,536870912
